{"cameraMode":{"drawMode":0,"name":"Shaded","section":"Shading Mode"},"sceneLighting":true,"audioPlay":false,"sceneViewState":{"showFog":true,"showMaterialUpdate":false,"showSkybox":true,"showFlares":true,"showImageEffects":true,"showParticleSystems":true},"in2DMode":false,"pivot":{"x":0.0,"y":7.450580596923828e-9,"z":-7.450580596923828e-9},"rotation":{"x":0.047814056277275088,"y":-0.6907917857170105,"z":0.04587319865822792,"w":0.720011293888092},"size":5.800747871398926,"orthographic":false}